,A,B,M,N,V/I
0,-127.0,-121.0,-125.0,-123.0,8.064759701784205
1,-125.0,-119.0,-123.0,-121.0,8.06479076543604
2,-123.0,-117.0,-121.0,-119.0,8.064806549900899
3,-121.0,-115.0,-119.0,-117.0,8.064814602785685
4,-119.0,-113.0,-117.0,-115.0,8.064818660437933
5,-117.0,-111.0,-115.0,-113.0,8.06482067964539
6,-115.0,-109.0,-113.0,-111.0,8.064821671638347
7,-113.0,-107.0,-111.0,-109.0,8.064822149446258
8,-111.0,-105.0,-109.0,-107.0,8.06482237064974
9,-109.0,-103.0,-107.0,-105.0,8.064822464184417
10,-107.0,-101.0,-105.0,-103.0,8.064822494686066
11,-105.0,-99.0,-103.0,-101.0,8.064822494660095
12,-103.0,-97.0,-101.0,-99.0,8.064822480491772
13,-101.0,-95.0,-99.0,-97.0,8.06482246043002
14,-99.0,-93.0,-97.0,-95.0,8.064822438591454
15,-97.0,-91.0,-95.0,-93.0,8.064822416983969
16,-95.0,-89.0,-93.0,-91.0,8.064822396537839
17,-93.0,-87.0,-91.0,-89.0,8.064822377635222
18,-91.0,-85.0,-89.0,-87.0,8.064822360383955
19,-89.0,-83.0,-87.0,-85.0,8.064822344759635
20,-87.0,-81.0,-85.0,-83.0,8.064822330679558
21,-85.0,-79.0,-83.0,-81.0,8.064822318041095
22,-83.0,-77.0,-81.0,-79.0,8.064822306741537
23,-81.0,-75.0,-79.0,-77.0,8.064822296688462
24,-79.0,-73.0,-77.0,-75.0,8.064822287805388
25,-77.0,-71.0,-75.0,-73.0,8.06482228003558
26,-75.0,-69.0,-73.0,-71.0,8.064822273345648
27,-73.0,-67.0,-71.0,-69.0,8.064822267730412
28,-71.0,-65.0,-69.0,-67.0,8.064822263220663
29,-69.0,-63.0,-67.0,-65.0,8.064822259896072
30,-67.0,-61.0,-65.0,-63.0,8.064822257907151
31,-65.0,-59.0,-63.0,-61.0,8.064822257512935
32,-63.0,-57.0,-61.0,-59.0,8.064822259146425
33,-61.0,-55.0,-59.0,-57.0,8.064822263529452
34,-59.0,-53.0,-57.0,-55.0,8.064822271876512
35,-57.0,-51.0,-55.0,-53.0,8.064822286260473
36,-55.0,-49.0,-53.0,-51.0,8.06482231027483
37,-53.0,-47.0,-51.0,-49.0,8.06482235024389
38,-51.0,-45.0,-49.0,-47.0,8.064822417452648
39,-49.0,-43.0,-47.0,-45.0,8.064822532287781
40,-47.0,-41.0,-45.0,-43.0,8.064822731986593
41,-45.0,-39.0,-43.0,-41.0,8.064823085246942
42,-43.0,-37.0,-41.0,-39.0,8.064823719984016
43,-41.0,-35.0,-39.0,-37.0,8.064824876481469
44,-39.0,-33.0,-37.0,-35.0,8.064827010019012
45,-37.0,-31.0,-35.0,-33.0,8.064830990806605
46,-35.0,-29.0,-33.0,-31.0,8.064838497317185
47,-33.0,-27.0,-31.0,-29.0,8.064852798684353
48,-31.0,-25.0,-29.0,-27.0,8.064880331265709
49,-29.0,-23.0,-27.0,-25.0,8.064933926472591
50,-27.0,-21.0,-25.0,-23.0,8.065039558339091
51,-25.0,-19.0,-23.0,-21.0,8.065250861159639
52,-23.0,-17.0,-21.0,-19.0,8.065681680838164
53,-21.0,-15.0,-19.0,-17.0,8.066583427486275
54,-19.0,-13.0,-17.0,-15.0,8.068542888996925
55,-17.0,-11.0,-15.0,-13.0,8.07302330794121
56,-15.0,-9.0,-13.0,-11.0,8.083826185013539
57,-13.0,-7.0,-11.0,-9.0,8.109784077792593
58,-11.0,-5.0,-9.0,-7.0,8.159483642579135
59,-9.0,-3.0,-7.0,-5.0,8.19936048572359
60,-7.0,-1.0,-5.0,-3.0,8.169606400670297
61,-5.0,1.0,-3.0,-1.0,8.127621218401156
62,-3.0,3.0,-1.0,1.0,8.12056528780589
63,-1.0,5.0,1.0,3.0,8.124124425874598
64,1.0,7.0,3.0,5.0,8.125525511920923
65,3.0,9.0,5.0,7.0,8.121341476000428
66,5.0,11.0,7.0,9.0,8.110777750962633
67,7.0,13.0,9.0,11.0,8.097163984961757
68,9.0,15.0,11.0,13.0,8.085012543424135
69,11.0,17.0,13.0,15.0,8.076433015821895
70,13.0,19.0,15.0,17.0,8.07118607190566
71,15.0,21.0,17.0,19.0,8.068228990712065
72,17.0,23.0,19.0,21.0,8.066631459185409
73,19.0,25.0,21.0,23.0,8.065784346078093
74,21.0,27.0,23.0,25.0,8.065337358487984
75,23.0,29.0,25.0,27.0,8.065100818193525
76,25.0,31.0,27.0,29.0,8.064974722082237
77,27.0,33.0,29.0,31.0,8.064906831731161
78,29.0,35.0,31.0,33.0,8.06486985598817
79,31.0,37.0,33.0,35.0,8.064849461852068
80,33.0,39.0,35.0,37.0,8.06483806058452
81,35.0,41.0,37.0,39.0,8.064831595050059
82,37.0,43.0,39.0,41.0,8.064827872902185
83,39.0,45.0,41.0,43.0,8.064825695952234
84,41.0,47.0,43.0,45.0,8.064824401531034
85,43.0,49.0,45.0,47.0,8.064823618584668
86,45.0,51.0,47.0,49.0,8.06482313665681
87,47.0,53.0,49.0,51.0,8.06482283477252
88,49.0,55.0,51.0,53.0,8.064822642419607
89,51.0,57.0,53.0,55.0,8.06482251790275
90,53.0,59.0,55.0,57.0,8.064822436197883
91,55.0,61.0,57.0,59.0,8.064822382056796
92,57.0,63.0,59.0,61.0,8.064822346044597
93,59.0,65.0,61.0,63.0,8.064822322234045
94,61.0,67.0,63.0,65.0,8.064822306846505
95,63.0,69.0,65.0,67.0,8.064822297440312
96,65.0,71.0,67.0,69.0,8.0648222924195
97,67.0,73.0,69.0,71.0,8.064822290732435
98,69.0,75.0,71.0,73.0,8.064822291684475
99,71.0,77.0,73.0,75.0,8.064822294820004
100,73.0,79.0,75.0,77.0,8.064822299847147
101,75.0,81.0,77.0,79.0,8.064822306589146
102,77.0,83.0,79.0,81.0,8.064822314952323
103,79.0,85.0,81.0,83.0,8.064822324904243
104,81.0,87.0,83.0,85.0,8.064822336457599
105,83.0,89.0,85.0,87.0,8.064822349656069
106,85.0,91.0,87.0,89.0,8.064822364558143
107,87.0,93.0,89.0,91.0,8.064822381213137
108,89.0,95.0,91.0,93.0,8.06482239961997
109,91.0,97.0,93.0,95.0,8.064822419651183
110,93.0,99.0,95.0,97.0,8.064822440909305
111,95.0,101.0,97.0,99.0,8.064822462452073
112,97.0,103.0,99.0,101.0,8.064822482262098
113,99.0,105.0,101.0,103.0,8.064822496215163
114,101.0,107.0,103.0,105.0,8.064822496056273
115,103.0,109.0,105.0,107.0,8.06482246539521
116,105.0,111.0,107.0,109.0,8.064822371722542
117,107.0,113.0,109.0,111.0,8.064822150399198
118,109.0,115.0,111.0,113.0,8.064821672486822
119,111.0,117.0,113.0,115.0,8.064820680402544
120,113.0,119.0,115.0,117.0,8.064818661115028
121,115.0,121.0,117.0,119.0,8.064814603392385
122,117.0,123.0,119.0,121.0,8.064806550445564
123,119.0,125.0,121.0,123.0,8.06479076592588
124,121.0,127.0,123.0,125.0,8.064759702225482
125,-127.0,-115.0,-123.0,-119.0,3.86799154531255
126,-125.0,-113.0,-121.0,-117.0,3.868041526220195
127,-123.0,-111.0,-119.0,-115.0,3.8680672857236846
128,-121.0,-109.0,-117.0,-113.0,3.868080361053984
129,-119.0,-107.0,-115.0,-111.0,3.86808688982451
130,-117.0,-105.0,-113.0,-109.0,3.8680900943751206
131,-115.0,-103.0,-111.0,-107.0,3.8680916277172024
132,-113.0,-101.0,-109.0,-105.0,3.868092325608184
133,-111.0,-99.0,-107.0,-103.0,3.8680926081609504
134,-109.0,-97.0,-105.0,-101.0,3.86809268647252
135,-107.0,-95.0,-103.0,-99.0,3.8680926667997078
136,-105.0,-93.0,-101.0,-97.0,3.8680926026754574
137,-103.0,-91.0,-99.0,-95.0,3.868092520984141
138,-101.0,-89.0,-97.0,-93.0,3.86809243506855
139,-99.0,-87.0,-95.0,-91.0,3.8680923513642282
140,-97.0,-85.0,-93.0,-89.0,3.868092272783635
141,-95.0,-83.0,-91.0,-87.0,3.868092200455193
142,-93.0,-81.0,-89.0,-85.0,3.868092134622384
143,-91.0,-79.0,-87.0,-83.0,3.868092075110393
144,-89.0,-77.0,-85.0,-81.0,3.868092021568585
145,-87.0,-75.0,-83.0,-79.0,3.868091973596334
146,-85.0,-73.0,-81.0,-77.0,3.868091930808415
147,-83.0,-71.0,-79.0,-75.0,3.8680918928697774
148,-81.0,-69.0,-77.0,-73.0,3.868091859516061
149,-79.0,-67.0,-75.0,-71.0,3.868091830569495
150,-77.0,-65.0,-73.0,-69.0,3.8680918059569214
151,-75.0,-63.0,-71.0,-67.0,3.868091785736422
152,-73.0,-61.0,-69.0,-65.0,3.868091770140807
153,-71.0,-59.0,-67.0,-63.0,3.868091759651137
154,-69.0,-57.0,-65.0,-61.0,3.8680917551227227
155,-67.0,-55.0,-63.0,-59.0,3.868091758003511
156,-65.0,-53.0,-61.0,-57.0,3.868091770716797
157,-63.0,-51.0,-59.0,-55.0,3.86809179733936
158,-61.0,-49.0,-57.0,-53.0,3.8680918448158383
159,-59.0,-47.0,-55.0,-51.0,3.868091925154816
160,-57.0,-45.0,-53.0,-49.0,3.8680920594364445
161,-55.0,-43.0,-51.0,-47.0,3.868092285187868
162,-53.0,-41.0,-49.0,-45.0,3.8680926700652694
163,-51.0,-39.0,-47.0,-43.0,3.868093337431322
164,-49.0,-37.0,-45.0,-41.0,3.868094514535045
165,-47.0,-35.0,-43.0,-39.0,3.8680966239673684
166,-45.0,-33.0,-41.0,-37.0,3.868100458645075
167,-43.0,-31.0,-39.0,-35.0,3.868107519419062
168,-41.0,-29.0,-37.0,-33.0,3.8681206723204804
169,-39.0,-27.0,-35.0,-31.0,3.8681454407838736
170,-37.0,-25.0,-33.0,-29.0,3.8681925749702426
171,-35.0,-23.0,-31.0,-27.0,3.86828322840287
172,-33.0,-21.0,-29.0,-25.0,3.868459560312762
173,-31.0,-19.0,-27.0,-23.0,3.868806921827085
174,-29.0,-17.0,-25.0,-21.0,3.869501665135902
175,-27.0,-15.0,-23.0,-19.0,3.870918406433134
176,-25.0,-13.0,-21.0,-17.0,3.8738833204128147
177,-23.0,-11.0,-19.0,-15.0,3.8803020258417122
178,-21.0,-9.0,-17.0,-13.0,3.8947064414566714
179,-19.0,-7.0,-15.0,-11.0,3.9272736016787273
180,-17.0,-5.0,-13.0,-9.0,3.99418221054684
181,-15.0,-3.0,-11.0,-7.0,4.097151655988853
182,-13.0,-1.0,-9.0,-5.0,4.18051795833598
183,-11.0,1.0,-7.0,-3.0,4.156176187927065
184,-9.0,3.0,-5.0,-1.0,4.047968886096379
185,-7.0,5.0,-3.0,1.0,3.9772996709773696
186,-5.0,7.0,-1.0,3.0,3.9908241651241747
187,-3.0,9.0,1.0,5.0,4.033755014161397
188,-1.0,11.0,3.0,7.0,4.055512100636472
189,1.0,13.0,5.0,9.0,4.0455121443750155
190,3.0,15.0,7.0,11.0,4.011737272794743
191,5.0,17.0,9.0,13.0,3.9694588635694794
192,7.0,19.0,11.0,15.0,3.9320697440246803
193,9.0,21.0,13.0,17.0,3.9053556413249995
194,11.0,23.0,15.0,19.0,3.8887327046549247
195,13.0,25.0,17.0,21.0,3.8792258854814037
196,15.0,27.0,19.0,23.0,3.874036391458545
197,17.0,29.0,21.0,25.0,3.8712654445231562
198,19.0,31.0,23.0,27.0,3.8697963896420084
199,21.0,33.0,25.0,29.0,3.8690162675483353
200,23.0,35.0,27.0,31.0,3.8685992049310647
201,25.0,37.0,29.0,33.0,3.8683740721441877
202,27.0,39.0,31.0,35.0,3.8682511405749542
203,29.0,41.0,33.0,37.0,3.868183156142642
204,31.0,43.0,35.0,39.0,3.868145041535756
205,33.0,45.0,37.0,41.0,3.868123360797405
206,35.0,47.0,39.0,43.0,3.8681108379786564
207,37.0,49.0,41.0,45.0,3.8681034877003704
208,39.0,51.0,43.0,47.0,3.868099100625
209,41.0,53.0,45.0,49.0,3.868096436541831
210,43.0,55.0,47.0,51.0,3.868094790116164
211,45.0,57.0,49.0,53.0,3.868093754727243
212,47.0,59.0,51.0,55.0,3.8680930926337105
213,49.0,61.0,53.0,57.0,3.8680926627920758
214,51.0,63.0,55.0,59.0,3.868092380262071
215,53.0,65.0,57.0,61.0,3.868092193103143
216,55.0,67.0,59.0,63.0,3.8680920690631373
217,57.0,69.0,61.0,65.0,3.868091987811176
218,59.0,71.0,63.0,67.0,3.868091936346235
219,61.0,73.0,65.0,69.0,3.8680919062467396
220,63.0,75.0,67.0,71.0,3.8680918920006775
221,65.0,77.0,69.0,73.0,3.8680918899780696
222,67.0,79.0,71.0,75.0,3.868091897790228
223,69.0,81.0,73.0,77.0,3.8680919138849896
224,71.0,83.0,75.0,79.0,3.8680919372875495
225,73.0,85.0,77.0,81.0,3.8680919674319414
226,75.0,87.0,79.0,83.0,3.8680920040485125
227,77.0,89.0,81.0,85.0,3.8680920470845086
228,79.0,91.0,83.0,87.0,3.8680920966403685
229,81.0,93.0,85.0,89.0,3.8680921529052945
230,83.0,95.0,87.0,91.0,3.8680922160712896
231,85.0,97.0,89.0,93.0,3.8680922861928995
232,87.0,99.0,91.0,95.0,3.868092362934566
233,89.0,101.0,93.0,97.0,3.868092445096684
234,91.0,103.0,95.0,99.0,3.868092529711266
235,93.0,105.0,97.0,101.0,3.868092610299064
236,95.0,107.0,99.0,103.0,3.8680926734826024
237,97.0,109.0,101.0,105.0,3.8680926923497703
238,99.0,111.0,103.0,107.0,3.8680926133452673
239,101.0,113.0,105.0,109.0,3.868092330194135
240,103.0,115.0,107.0,111.0,3.8680916317845364
241,105.0,117.0,109.0,113.0,3.868090097991405
242,107.0,119.0,111.0,115.0,3.8680868930472396
243,109.0,121.0,113.0,117.0,3.8680803639322847
244,111.0,123.0,115.0,119.0,3.8680672882996863
245,113.0,125.0,117.0,121.0,3.868041528530159
246,115.0,127.0,119.0,123.0,3.867991547387791
247,-127.0,-103.0,-119.0,-111.0,1.6503317331921092
248,-125.0,-101.0,-117.0,-109.0,1.6503721408776648
249,-123.0,-99.0,-115.0,-107.0,1.6503930337492856
250,-121.0,-97.0,-113.0,-105.0,1.650403482654708
251,-119.0,-95.0,-111.0,-103.0,1.6504085097179595
252,-117.0,-93.0,-109.0,-101.0,1.6504107803318235
253,-115.0,-91.0,-107.0,-99.0,1.6504116713240666
254,-113.0,-89.0,-105.0,-97.0,1.6504118840764552
255,-111.0,-87.0,-103.0,-95.0,1.6504117736206205
256,-109.0,-85.0,-101.0,-93.0,1.6504115189537703
257,-107.0,-83.0,-99.0,-91.0,1.6504112097401726
258,-105.0,-81.0,-97.0,-89.0,1.6504108902391335
259,-103.0,-79.0,-95.0,-87.0,1.6504105815999035
260,-101.0,-77.0,-93.0,-85.0,1.6504102932324127
261,-99.0,-75.0,-91.0,-83.0,1.6504100286407506
262,-97.0,-73.0,-89.0,-81.0,1.6504097884322715
263,-95.0,-71.0,-87.0,-79.0,1.6504095718763432
264,-93.0,-69.0,-85.0,-77.0,1.6504093777144964
265,-91.0,-67.0,-83.0,-75.0,1.6504092045842558
266,-89.0,-65.0,-81.0,-73.0,1.6504090512466334
267,-87.0,-63.0,-79.0,-71.0,1.6504089167198701
268,-85.0,-61.0,-77.0,-69.0,1.6504088003788335
269,-83.0,-59.0,-75.0,-67.0,1.6504087020608762
270,-81.0,-57.0,-73.0,-65.0,1.6504086222159815
271,-79.0,-55.0,-71.0,-63.0,1.6504085621500404
272,-77.0,-53.0,-69.0,-61.0,1.6504085244384497
273,-75.0,-51.0,-67.0,-59.0,1.6504085136435673
274,-73.0,-49.0,-65.0,-57.0,1.6504085375752584
275,-71.0,-47.0,-63.0,-55.0,1.6504086095300414
276,-69.0,-45.0,-61.0,-53.0,1.6504087523095174
277,-67.0,-43.0,-59.0,-51.0,1.650409005501609
278,-65.0,-41.0,-57.0,-49.0,1.6504094387928836
279,-63.0,-39.0,-55.0,-47.0,1.6504101765136994
280,-61.0,-37.0,-53.0,-45.0,1.6504114432595167
281,-59.0,-35.0,-51.0,-43.0,1.6504136493516761
282,-57.0,-33.0,-49.0,-41.0,1.6504175521797437
283,-55.0,-31.0,-47.0,-39.0,1.650424563231092
284,-53.0,-29.0,-45.0,-37.0,1.6504373372290744
285,-51.0,-27.0,-43.0,-35.0,1.6504609126850822
286,-49.0,-25.0,-41.0,-33.0,1.6505049416834727
287,-47.0,-23.0,-39.0,-31.0,1.6505880978769036
288,-45.0,-21.0,-37.0,-29.0,1.650746905618978
289,-43.0,-19.0,-35.0,-27.0,1.651053711325373
290,-41.0,-17.0,-33.0,-25.0,1.6516540102987394
291,-39.0,-15.0,-31.0,-23.0,1.6528459203561345
292,-37.0,-13.0,-29.0,-21.0,1.655253764624811
293,-35.0,-11.0,-27.0,-19.0,1.6602098551706352
294,-33.0,-9.0,-25.0,-17.0,1.670529421139762
295,-31.0,-7.0,-23.0,-15.0,1.6915193008988527
296,-29.0,-5.0,-21.0,-13.0,1.730032500461172
297,-27.0,-3.0,-19.0,-11.0,1.7899225678240955
298,-25.0,-1.0,-17.0,-9.0,1.870438252918188
299,-23.0,1.0,-15.0,-7.0,1.9616468389876713
300,-21.0,3.0,-13.0,-5.0,2.0284543197737124
301,-19.0,5.0,-11.0,-3.0,2.019773706815433
302,-17.0,7.0,-9.0,-1.0,1.933593544427917
303,-15.0,9.0,-7.0,1.0,1.8190729715417975
304,-13.0,11.0,-5.0,3.0,1.7314456968646263
305,-11.0,13.0,-3.0,5.0,1.7077111063659565
306,-9.0,15.0,-1.0,7.0,1.7521017921941504
307,-7.0,17.0,1.0,9.0,1.84176619458393
308,-5.0,19.0,3.0,11.0,1.9325736545365884
309,-3.0,21.0,5.0,13.0,1.9715843915796447
310,-1.0,23.0,7.0,15.0,1.946037884626586
311,1.0,25.0,9.0,17.0,1.8833588524647524
312,3.0,27.0,11.0,19.0,1.8135981586759298
313,5.0,29.0,13.0,21.0,1.7546124627647157
314,7.0,31.0,15.0,23.0,1.7123884630618353
315,9.0,33.0,17.0,25.0,1.685502699346522
316,11.0,35.0,19.0,27.0,1.669709734470042
317,13.0,37.0,21.0,29.0,1.6608859062647574
318,15.0,39.0,23.0,31.0,1.6560850453484408
319,17.0,41.0,25.0,33.0,1.6535000482164115
320,19.0,43.0,27.0,35.0,1.6521084886654003
321,21.0,45.0,29.0,37.0,1.6513549447854121
322,23.0,47.0,31.0,39.0,1.6509429676919884
323,25.0,49.0,33.0,41.0,1.6507150484429132
324,27.0,51.0,35.0,43.0,1.6505872595720272
325,29.0,53.0,37.0,45.0,1.6505145648231456
326,31.0,55.0,39.0,47.0,1.6504725678940058
327,33.0,57.0,41.0,49.0,1.6504479083499781
328,35.0,59.0,43.0,51.0,1.6504331821098597
329,37.0,61.0,45.0,53.0,1.6504242339728048
330,39.0,63.0,47.0,55.0,1.650418701000459
331,41.0,65.0,49.0,57.0,1.6504152208111735
332,43.0,67.0,51.0,59.0,1.6504129965862293
333,45.0,69.0,53.0,61.0,1.650411555352901
334,47.0,71.0,55.0,63.0,1.6504106120855244
335,49.0,73.0,57.0,65.0,1.6504099923693538
336,51.0,75.0,59.0,67.0,1.6504095878375558
337,53.0,77.0,61.0,69.0,1.6504093301606617
338,55.0,79.0,63.0,71.0,1.6504091756634294
339,57.0,81.0,65.0,73.0,1.6504090961041769
340,59.0,83.0,67.0,75.0,1.650409073072634
341,61.0,85.0,69.0,77.0,1.6504090945397707
342,63.0,87.0,71.0,79.0,1.650409152703634
343,65.0,89.0,73.0,81.0,1.6504092426244616
344,67.0,91.0,75.0,83.0,1.650409361343493
345,69.0,93.0,77.0,85.0,1.6504095072953002
346,71.0,95.0,79.0,87.0,1.6504096798873564
347,73.0,97.0,81.0,89.0,1.6504098791501094
348,75.0,99.0,83.0,91.0,1.6504101053623796
349,77.0,101.0,85.0,93.0,1.6504103585263818
350,79.0,103.0,87.0,95.0,1.6504106374873542
351,81.0,105.0,89.0,97.0,1.650410938325546
352,83.0,107.0,91.0,99.0,1.6504112513122462
353,85.0,109.0,93.0,101.0,1.6504115550513547
354,87.0,111.0,95.0,103.0,1.6504118050906527
355,89.0,113.0,97.0,105.0,1.6504119116137783
356,91.0,115.0,99.0,107.0,1.6504116955026116
357,93.0,117.0,101.0,109.0,1.6504108016286319
358,95.0,119.0,103.0,111.0,1.6504085285318562
359,97.0,121.0,105.0,113.0,1.6504034993209231
360,99.0,123.0,107.0,115.0,1.650393048551011
361,101.0,125.0,109.0,117.0,1.6503721540552392
362,103.0,127.0,111.0,119.0,1.6503317449503847
363,-127.0,-79.0,-111.0,-95.0,0.4639341044160127
364,-125.0,-77.0,-109.0,-93.0,0.4639445797013409
365,-123.0,-75.0,-107.0,-91.0,0.4639493772814002
366,-121.0,-73.0,-105.0,-89.0,0.46395110039203336
367,-119.0,-71.0,-103.0,-87.0,0.4639512544795315
368,-117.0,-69.0,-101.0,-85.0,0.46395065829639914
369,-115.0,-67.0,-99.0,-83.0,0.46394974001882405
370,-113.0,-65.0,-97.0,-81.0,0.46394871732125015
371,-111.0,-63.0,-95.0,-79.0,0.4639476976844629
372,-109.0,-61.0,-93.0,-77.0,0.4639467318960838
373,-107.0,-59.0,-91.0,-75.0,0.46394584203809464
374,-105.0,-57.0,-89.0,-73.0,0.4639450360451037
375,-103.0,-55.0,-87.0,-71.0,0.4639443153142434
376,-101.0,-53.0,-85.0,-69.0,0.4639436787725907
377,-99.0,-51.0,-83.0,-67.0,0.46394312520471437
378,-97.0,-49.0,-81.0,-65.0,0.4639426548439922
379,-95.0,-47.0,-79.0,-63.0,0.46394227087625683
380,-93.0,-45.0,-77.0,-61.0,0.46394198142461907
381,-91.0,-43.0,-75.0,-59.0,0.46394180273365015
382,-89.0,-41.0,-73.0,-57.0,0.4639417647022089
383,-87.0,-39.0,-71.0,-55.0,0.46394192079881724
384,-85.0,-37.0,-69.0,-53.0,0.4639423660957055
385,-83.0,-35.0,-67.0,-51.0,0.46394327039462624
386,-81.0,-33.0,-65.0,-49.0,0.4639449395846767
387,-79.0,-31.0,-63.0,-47.0,0.46394793019347774
388,-77.0,-29.0,-61.0,-45.0,0.4639532649285795
389,-75.0,-27.0,-59.0,-43.0,0.46396284152091577
390,-73.0,-25.0,-57.0,-41.0,0.46398021488423946
391,-71.0,-23.0,-55.0,-39.0,0.464012107607909
392,-69.0,-21.0,-53.0,-37.0,0.46407135851512304
393,-67.0,-19.0,-51.0,-35.0,0.4641827518277288
394,-65.0,-17.0,-49.0,-33.0,0.4643947154551873
395,-63.0,-15.0,-47.0,-31.0,0.4648031834462999
396,-61.0,-13.0,-45.0,-29.0,0.4656007926592288
397,-59.0,-11.0,-43.0,-27.0,0.4671761008818761
398,-57.0,-9.0,-41.0,-25.0,0.47028497585980844
399,-55.0,-7.0,-39.0,-23.0,0.4761662257085932
400,-53.0,-5.0,-37.0,-21.0,0.48596692106735057
401,-51.0,-3.0,-35.0,-19.0,0.4995663014156501
402,-49.0,-1.0,-33.0,-17.0,0.516020289309963
403,-47.0,1.0,-31.0,-15.0,0.5343335651021253
404,-45.0,3.0,-29.0,-13.0,0.5536077031478877
405,-43.0,5.0,-27.0,-11.0,0.5732922495165195
406,-41.0,7.0,-25.0,-9.0,0.5932118713984649
407,-39.0,9.0,-23.0,-7.0,0.6119205736580254
408,-37.0,11.0,-21.0,-5.0,0.6222735582611274
409,-35.0,13.0,-19.0,-3.0,0.6133563984305775
410,-33.0,15.0,-17.0,-1.0,0.5861366895274766
411,-31.0,17.0,-15.0,1.0,0.5518606854855321
412,-29.0,19.0,-13.0,3.0,0.519953725175763
413,-27.0,21.0,-11.0,5.0,0.4951804576113387
414,-25.0,23.0,-9.0,7.0,0.47909416350731526
415,-23.0,25.0,-7.0,9.0,0.4718872068324044
416,-21.0,27.0,-5.0,11.0,0.47351062140352246
417,-19.0,29.0,-3.0,13.0,0.48334818869532936
418,-17.0,31.0,-1.0,15.0,0.499594827310309
419,-15.0,33.0,1.0,17.0,0.5197073240060621
420,-13.0,35.0,3.0,19.0,0.5414087453261176
421,-11.0,37.0,5.0,21.0,0.5632359060932465
422,-9.0,39.0,7.0,23.0,0.5845297064668017
423,-7.0,41.0,9.0,25.0,0.6038083378740786
424,-5.0,43.0,11.0,27.0,0.6145918232462433
425,-3.0,45.0,13.0,29.0,0.6072342235297554
426,-1.0,47.0,15.0,31.0,0.5831311388651963
427,1.0,49.0,17.0,33.0,0.552780407138719
428,3.0,51.0,19.0,35.0,0.5246292826039082
429,5.0,53.0,21.0,37.0,0.5025655006210303
430,7.0,55.0,23.0,39.0,0.48720604431785236
431,9.0,57.0,25.0,41.0,0.4774343810728337
432,11.0,59.0,27.0,43.0,0.4716046953267876
433,13.0,61.0,29.0,45.0,0.46826265888269264
434,15.0,63.0,31.0,47.0,0.4663844691241641
435,17.0,65.0,33.0,49.0,0.46533498842771154
436,19.0,67.0,35.0,51.0,0.4647465860751299
437,21.0,69.0,37.0,53.0,0.46441372088222366
438,23.0,71.0,39.0,55.0,0.46422307423481146
439,25.0,73.0,41.0,57.0,0.46411229544799243
440,27.0,75.0,43.0,59.0,0.4640469080258732
441,29.0,77.0,45.0,61.0,0.46400767730953246
442,31.0,79.0,47.0,63.0,0.46398375015339777
443,33.0,81.0,49.0,65.0,0.4639689239486087
444,35.0,83.0,51.0,67.0,0.46395960488927496
445,37.0,85.0,53.0,69.0,0.46395368061636233
446,39.0,87.0,55.0,71.0,0.46394989112706764
447,41.0,89.0,57.0,73.0,0.46394747363505284
448,43.0,91.0,59.0,75.0,0.4639459596057209
449,45.0,93.0,61.0,77.0,0.4639450572667484
450,47.0,95.0,63.0,79.0,0.4639445826918969
451,49.0,97.0,65.0,81.0,0.46394441881752424
452,51.0,99.0,67.0,83.0,0.46394449070746735
453,53.0,101.0,69.0,85.0,0.46394475035745303
454,55.0,103.0,71.0,87.0,0.46394516710826905
455,57.0,105.0,73.0,89.0,0.46394572127545275
456,59.0,107.0,75.0,91.0,0.46394639940751126
457,61.0,109.0,77.0,93.0,0.4639471898966735
458,63.0,111.0,79.0,95.0,0.46394807754795225
459,65.0,113.0,81.0,97.0,0.46394903505814566
460,67.0,115.0,83.0,99.0,0.463950007842625
461,69.0,117.0,85.0,101.0,0.4639508856286431
462,71.0,119.0,87.0,103.0,0.463951448666334
463,73.0,121.0,89.0,105.0,0.46395126722015784
464,75.0,123.0,91.0,107.0,0.46394952135370415
465,77.0,125.0,93.0,109.0,0.4639447047126481
466,79.0,127.0,95.0,111.0,0.4639342133578279
467,-127.0,-31.0,-95.0,-63.0,0.08150954877978558
468,-125.0,-29.0,-93.0,-61.0,0.0815075931466337
469,-123.0,-27.0,-91.0,-59.0,0.08150602665145201
470,-121.0,-25.0,-89.0,-57.0,0.08150529199083659
471,-119.0,-23.0,-87.0,-55.0,0.0815060357962936
472,-117.0,-21.0,-85.0,-53.0,0.08150935544993673
473,-115.0,-19.0,-83.0,-51.0,0.08151724363786718
474,-113.0,-17.0,-81.0,-49.0,0.08153340078655566
475,-111.0,-15.0,-79.0,-47.0,0.08156473412847053
476,-109.0,-13.0,-77.0,-45.0,0.08162408371315036
477,-107.0,-11.0,-75.0,-43.0,0.08173480945076088
478,-105.0,-9.0,-73.0,-41.0,0.08193629262545675
479,-103.0,-7.0,-71.0,-39.0,0.08228051805717865
480,-101.0,-5.0,-69.0,-37.0,0.08280162464321009
481,-99.0,-3.0,-67.0,-35.0,0.0835103101719528
482,-97.0,-1.0,-65.0,-33.0,0.08441321994153206
483,-95.0,1.0,-63.0,-31.0,0.08545375923454668
484,-93.0,3.0,-61.0,-29.0,0.08652154200017141
485,-91.0,5.0,-59.0,-27.0,0.0875040705808191
486,-89.0,7.0,-57.0,-25.0,0.08833023856395195
487,-87.0,9.0,-55.0,-23.0,0.08899011690811294
488,-85.0,11.0,-53.0,-21.0,0.08952225345118207
489,-83.0,13.0,-51.0,-19.0,0.08998641473412668
490,-81.0,15.0,-49.0,-17.0,0.09044599797689941
491,-79.0,17.0,-47.0,-15.0,0.09096659316484101
492,-77.0,19.0,-45.0,-13.0,0.09162554832921115
493,-75.0,21.0,-43.0,-11.0,0.09252403454263863
494,-73.0,23.0,-41.0,-9.0,0.09377523260390433
495,-71.0,25.0,-39.0,-7.0,0.09536710441215931
496,-69.0,27.0,-37.0,-5.0,0.09674487295316589
497,-67.0,29.0,-35.0,-3.0,0.09677828503773675
498,-65.0,31.0,-33.0,-1.0,0.09514530772420407
499,-63.0,33.0,-31.0,1.0,0.09256615001942253
500,-61.0,35.0,-29.0,3.0,0.08982447935429097
501,-59.0,37.0,-27.0,5.0,0.08740212622598946
502,-57.0,39.0,-25.0,7.0,0.08549974002133963
503,-55.0,41.0,-23.0,9.0,0.08412414980821262
504,-53.0,43.0,-21.0,11.0,0.0831810496173498
505,-51.0,45.0,-19.0,13.0,0.08255141364087018
506,-49.0,47.0,-17.0,15.0,0.08213372068144492
507,-47.0,49.0,-15.0,17.0,0.08185622426359136
508,-45.0,51.0,-13.0,19.0,0.0816747982747224
509,-43.0,53.0,-11.0,21.0,0.08156750520834274
510,-41.0,55.0,-9.0,23.0,0.08152952346150345
511,-39.0,57.0,-7.0,25.0,0.0815677935055016
512,-37.0,59.0,-5.0,27.0,0.08171280423891376
513,-35.0,61.0,-3.0,29.0,0.08208794956272075
514,-33.0,63.0,-1.0,31.0,0.08282607798982158
515,-31.0,65.0,1.0,33.0,0.08388168655176048
516,-29.0,67.0,3.0,35.0,0.08509145991512593
517,-27.0,69.0,5.0,37.0,0.0862803786597993
518,-25.0,71.0,7.0,39.0,0.08732481685213417
519,-23.0,73.0,9.0,41.0,0.08817986554187617
520,-21.0,75.0,11.0,43.0,0.08886737410212342
521,-19.0,77.0,13.0,45.0,0.08944341029612365
522,-17.0,79.0,15.0,47.0,0.08997354436200161
523,-15.0,81.0,17.0,49.0,0.09052584958458613
524,-13.0,83.0,19.0,51.0,0.09117660961017905
525,-11.0,85.0,21.0,53.0,0.09201863372170799
526,-9.0,87.0,23.0,55.0,0.09314496872670196
527,-7.0,89.0,25.0,57.0,0.09451425603238031
528,-5.0,91.0,27.0,59.0,0.09557847437308242
529,-3.0,93.0,29.0,61.0,0.09532709952737525
530,-1.0,95.0,31.0,63.0,0.09356919757841836
531,1.0,97.0,33.0,65.0,0.0910396172151923
532,3.0,99.0,35.0,67.0,0.08847180828081545
533,5.0,101.0,37.0,69.0,0.08628729315980284
534,7.0,103.0,39.0,71.0,0.0846361434608216
535,9.0,105.0,41.0,73.0,0.08349202542747826
536,11.0,107.0,43.0,75.0,0.08274570966666983
537,13.0,109.0,45.0,77.0,0.082276227310039
538,15.0,111.0,47.0,79.0,0.08198594496054787
539,17.0,113.0,49.0,81.0,0.08180728976642884
540,19.0,115.0,51.0,83.0,0.08169708169600634
541,21.0,117.0,53.0,85.0,0.08162877412279966
542,23.0,119.0,55.0,87.0,0.0815862878788911
543,25.0,121.0,57.0,89.0,0.08155989179863188
544,27.0,123.0,59.0,91.0,0.0815436433181109
545,29.0,125.0,61.0,93.0,0.08153384257059575
546,31.0,127.0,63.0,95.0,0.08152810603967875
547,-127.0,65.0,-63.0,1.0,0.027593043178799966
548,-125.0,67.0,-61.0,3.0,0.02744282076934501
549,-123.0,69.0,-59.0,5.0,0.027254166164067745
550,-121.0,71.0,-57.0,7.0,0.02706569033365652
551,-119.0,73.0,-55.0,9.0,0.026900827081195094
552,-117.0,75.0,-53.0,11.0,0.02676843204375698
553,-115.0,77.0,-51.0,13.0,0.026667559216046407
554,-113.0,79.0,-49.0,15.0,0.026592915203119228
555,-111.0,81.0,-47.0,17.0,0.02653843428578446
556,-109.0,83.0,-45.0,19.0,0.026498839206275545
557,-107.0,85.0,-43.0,21.0,0.02647002488995215
558,-105.0,87.0,-41.0,23.0,0.02644895868128484
559,-103.0,89.0,-39.0,25.0,0.026433450654558408
560,-101.0,91.0,-37.0,27.0,0.02642193021078109
561,-99.0,93.0,-35.0,29.0,0.0264132664066542
562,-97.0,95.0,-33.0,31.0,0.026406633142870565
563,-95.0,97.0,-31.0,33.0,0.02640141002075721
564,-93.0,99.0,-29.0,35.0,0.026397108482012058
565,-91.0,101.0,-27.0,37.0,0.02639331405504182
566,-89.0,103.0,-25.0,39.0,0.026389636617660264
567,-87.0,105.0,-23.0,41.0,0.026385660336780026
568,-85.0,107.0,-21.0,43.0,0.026380881896668408
569,-83.0,109.0,-19.0,45.0,0.026374616435191664
570,-81.0,111.0,-17.0,47.0,0.02636582688589338
571,-79.0,113.0,-15.0,49.0,0.026352773862585034
572,-77.0,115.0,-13.0,51.0,0.026332246879443112
573,-75.0,117.0,-11.0,53.0,0.02629787994165423
574,-73.0,119.0,-9.0,55.0,0.026237015854744507
575,-71.0,121.0,-7.0,57.0,0.026128965666640643
576,-69.0,123.0,-5.0,59.0,0.025963766326859965
577,-67.0,125.0,-3.0,61.0,0.0257896547698885
578,-65.0,127.0,-1.0,63.0,0.025678683461721363
